[{"name":"vendors.js","namespace":"default","outputFilePath":"files/vendors.js"},{"name":"1-SM.stories~10-Range.stories~11-MultiThumbRange.stories~12-Tiles.stories~13-InputGroup.stories~13-O~6721d1b2.js","namespace":"default","outputFilePath":"files/1-SM.stories~10-Range.stories~11-MultiThumbRange.stories~12-Tiles.stories~13-InputGroup.stories~13-O~6721d1b2.js"},{"name":"2-Accordion.stories~2-Default.stories.js","namespace":"default","outputFilePath":"files/2-Accordion.stories~2-Default.stories.js"},{"name":"1-SM.stories.js","namespace":"default","outputFilePath":"files/1-SM.stories.js"},{"name":"10-Range.stories.js","namespace":"default","outputFilePath":"files/10-Range.stories.js"},{"name":"11-MultiThumbRange.stories.js","namespace":"default","outputFilePath":"files/11-MultiThumbRange.stories.js"},{"name":"12-Tiles.stories.js","namespace":"default","outputFilePath":"files/12-Tiles.stories.js"},{"name":"13-InputGroup.stories.js","namespace":"default","outputFilePath":"files/13-InputGroup.stories.js"},{"name":"13-OrderedList.stories.js","namespace":"default","outputFilePath":"files/13-OrderedList.stories.js"},{"name":"14-FileUpload.stories.js","namespace":"default","outputFilePath":"files/14-FileUpload.stories.js"},{"name":"14-UnorderedList.stories.js","namespace":"default","outputFilePath":"files/14-UnorderedList.stories.js"},{"name":"15-Fieldset.stories.js","namespace":"default","outputFilePath":"files/15-Fieldset.stories.js"},{"name":"2-Accordion.stories.js","namespace":"default","outputFilePath":"files/2-Accordion.stories.js"},{"name":"2-Alert.stories.js","namespace":"default","outputFilePath":"files/2-Alert.stories.js"},{"name":"2-Avatar.stories.js","namespace":"default","outputFilePath":"files/2-Avatar.stories.js"},{"name":"2-Blockquote.stories.js","namespace":"default","outputFilePath":"files/2-Blockquote.stories.js"},{"name":"2-Breadcrumbs.stories.js","namespace":"default","outputFilePath":"files/2-Breadcrumbs.stories.js"},{"name":"2-Button.stories.js","namespace":"default","outputFilePath":"files/2-Button.stories.js"},{"name":"2-Chrome.stories.js","namespace":"default","outputFilePath":"files/2-Chrome.stories.js"},{"name":"2-Code.stories.js","namespace":"default","outputFilePath":"files/2-Code.stories.js"},{"name":"2-Colorpicker.stories.js","namespace":"default","outputFilePath":"files/2-Colorpicker.stories.js"},{"name":"2-Default.stories.js","namespace":"default","outputFilePath":"files/2-Default.stories.js"},{"name":"2-Dots.stories.js","namespace":"default","outputFilePath":"files/2-Dots.stories.js"},{"name":"2-Examples.stories.js","namespace":"default","outputFilePath":"files/2-Examples.stories.js"},{"name":"2-Grid.stories.js","namespace":"default","outputFilePath":"files/2-Grid.stories.js"},{"name":"2-Input.stories.js","namespace":"default","outputFilePath":"files/2-Input.stories.js"},{"name":"2-MD.stories.js","namespace":"default","outputFilePath":"files/2-MD.stories.js"},{"name":"2-Menu.stories.js","namespace":"default","outputFilePath":"files/2-Menu.stories.js"},{"name":"2-Modal.stories.js","namespace":"default","outputFilePath":"files/2-Modal.stories.js"},{"name":"2-Pagination.stories.js","namespace":"default","outputFilePath":"files/2-Pagination.stories.js"},{"name":"2-ThemeProvider.stories.js","namespace":"default","outputFilePath":"files/2-ThemeProvider.stories.js"},{"name":"2-Tooltip.stories.js","namespace":"default","outputFilePath":"files/2-Tooltip.stories.js"},{"name":"3-Anchor.stories.js","namespace":"default","outputFilePath":"files/3-Anchor.stories.js"},{"name":"3-CodeBlock.stories.js","namespace":"default","outputFilePath":"files/3-CodeBlock.stories.js"},{"name":"3-ColorpickerDialog.stories.js","namespace":"default","outputFilePath":"files/3-ColorpickerDialog.stories.js"},{"name":"3-CursorPagination.stories.js","namespace":"default","outputFilePath":"files/3-CursorPagination.stories.js"},{"name":"3-DrawerModal.stories.js","namespace":"default","outputFilePath":"files/3-DrawerModal.stories.js"},{"name":"3-Inline.stories.js","namespace":"default","outputFilePath":"files/3-Inline.stories.js"},{"name":"3-LG.stories.js","namespace":"default","outputFilePath":"files/3-LG.stories.js"},{"name":"3-Notification.stories.js","namespace":"default","outputFilePath":"files/3-Notification.stories.js"},{"name":"3-Range.stories.js","namespace":"default","outputFilePath":"files/3-Range.stories.js"},{"name":"3-Select.stories.js","namespace":"default","outputFilePath":"files/3-Select.stories.js"},{"name":"3-Stepper.stories.js","namespace":"default","outputFilePath":"files/3-Stepper.stories.js"},{"name":"3-Textarea.stories.js","namespace":"default","outputFilePath":"files/3-Textarea.stories.js"},{"name":"4-Autocomplete.stories.js","namespace":"default","outputFilePath":"files/4-Autocomplete.stories.js"},{"name":"4-ButtonGroup.stories.js","namespace":"default","outputFilePath":"files/4-ButtonGroup.stories.js"},{"name":"4-Ellipsis.stories.js","namespace":"default","outputFilePath":"files/4-Ellipsis.stories.js"},{"name":"4-MediaInput.stories.js","namespace":"default","outputFilePath":"files/4-MediaInput.stories.js"},{"name":"4-Progress.stories.js","namespace":"default","outputFilePath":"files/4-Progress.stories.js"},{"name":"4-TooltipModal.stories.js","namespace":"default","outputFilePath":"files/4-TooltipModal.stories.js"},{"name":"4-Well.stories.js","namespace":"default","outputFilePath":"files/4-Well.stories.js"},{"name":"4-XL.stories.js","namespace":"default","outputFilePath":"files/4-XL.stories.js"},{"name":"5-ChevronButton.stories.js","namespace":"default","outputFilePath":"files/5-ChevronButton.stories.js"},{"name":"5-FauxInput.stories.js","namespace":"default","outputFilePath":"files/5-FauxInput.stories.js"},{"name":"5-Multiselect.stories.js","namespace":"default","outputFilePath":"files/5-Multiselect.stories.js"},{"name":"5-Paragraph.stories.js","namespace":"default","outputFilePath":"files/5-Paragraph.stories.js"},{"name":"5-Skeleton.stories.js","namespace":"default","outputFilePath":"files/5-Skeleton.stories.js"},{"name":"5-Toasts.stories.js","namespace":"default","outputFilePath":"files/5-Toasts.stories.js"},{"name":"5-XXL.stories.js","namespace":"default","outputFilePath":"files/5-XXL.stories.js"},{"name":"6-Combobox.stories.js","namespace":"default","outputFilePath":"files/6-Combobox.stories.js"},{"name":"6-IconButton.stories.js","namespace":"default","outputFilePath":"files/6-IconButton.stories.js"},{"name":"6-Select.stories.js","namespace":"default","outputFilePath":"files/6-Select.stories.js"},{"name":"6-Span.stories.js","namespace":"default","outputFilePath":"files/6-Span.stories.js"},{"name":"6-Spinner.stories.js","namespace":"default","outputFilePath":"files/6-Spinner.stories.js"},{"name":"6-XXXL.stories.js","namespace":"default","outputFilePath":"files/6-XXXL.stories.js"},{"name":"7-Checkbox.stories.js","namespace":"default","outputFilePath":"files/7-Checkbox.stories.js"},{"name":"7-SplitButton.stories.js","namespace":"default","outputFilePath":"files/7-SplitButton.stories.js"},{"name":"8-Radio.stories.js","namespace":"default","outputFilePath":"files/8-Radio.stories.js"},{"name":"8-ToggleButton.stories.js","namespace":"default","outputFilePath":"files/8-ToggleButton.stories.js"},{"name":"9-Toggle.stories.js","namespace":"default","outputFilePath":"files/9-Toggle.stories.js"},{"name":"9-ToggleIcon.stories.js","namespace":"default","outputFilePath":"files/9-ToggleIcon.stories.js"},{"name":"Tabs.stories.js","namespace":"default","outputFilePath":"files/Tabs.stories.js"},{"name":"runtime~1-SM.stories.js","namespace":"default","outputFilePath":"files/runtime~1-SM.stories.js"},{"name":"runtime~10-Range.stories.js","namespace":"default","outputFilePath":"files/runtime~10-Range.stories.js"},{"name":"runtime~11-MultiThumbRange.stories.js","namespace":"default","outputFilePath":"files/runtime~11-MultiThumbRange.stories.js"},{"name":"runtime~12-Tiles.stories.js","namespace":"default","outputFilePath":"files/runtime~12-Tiles.stories.js"},{"name":"runtime~13-InputGroup.stories.js","namespace":"default","outputFilePath":"files/runtime~13-InputGroup.stories.js"},{"name":"runtime~13-OrderedList.stories.js","namespace":"default","outputFilePath":"files/runtime~13-OrderedList.stories.js"},{"name":"runtime~14-FileUpload.stories.js","namespace":"default","outputFilePath":"files/runtime~14-FileUpload.stories.js"},{"name":"runtime~14-UnorderedList.stories.js","namespace":"default","outputFilePath":"files/runtime~14-UnorderedList.stories.js"},{"name":"runtime~15-Fieldset.stories.js","namespace":"default","outputFilePath":"files/runtime~15-Fieldset.stories.js"},{"name":"runtime~2-Accordion.stories.js","namespace":"default","outputFilePath":"files/runtime~2-Accordion.stories.js"},{"name":"runtime~2-Alert.stories.js","namespace":"default","outputFilePath":"files/runtime~2-Alert.stories.js"},{"name":"runtime~2-Avatar.stories.js","namespace":"default","outputFilePath":"files/runtime~2-Avatar.stories.js"},{"name":"runtime~2-Blockquote.stories.js","namespace":"default","outputFilePath":"files/runtime~2-Blockquote.stories.js"},{"name":"runtime~2-Breadcrumbs.stories.js","namespace":"default","outputFilePath":"files/runtime~2-Breadcrumbs.stories.js"},{"name":"runtime~2-Button.stories.js","namespace":"default","outputFilePath":"files/runtime~2-Button.stories.js"},{"name":"runtime~2-Chrome.stories.js","namespace":"default","outputFilePath":"files/runtime~2-Chrome.stories.js"},{"name":"runtime~2-Code.stories.js","namespace":"default","outputFilePath":"files/runtime~2-Code.stories.js"},{"name":"runtime~2-Colorpicker.stories.js","namespace":"default","outputFilePath":"files/runtime~2-Colorpicker.stories.js"},{"name":"runtime~2-Default.stories.js","namespace":"default","outputFilePath":"files/runtime~2-Default.stories.js"},{"name":"runtime~2-Dots.stories.js","namespace":"default","outputFilePath":"files/runtime~2-Dots.stories.js"},{"name":"runtime~2-Examples.stories.js","namespace":"default","outputFilePath":"files/runtime~2-Examples.stories.js"},{"name":"runtime~2-Grid.stories.js","namespace":"default","outputFilePath":"files/runtime~2-Grid.stories.js"},{"name":"runtime~2-Input.stories.js","namespace":"default","outputFilePath":"files/runtime~2-Input.stories.js"},{"name":"runtime~2-MD.stories.js","namespace":"default","outputFilePath":"files/runtime~2-MD.stories.js"},{"name":"runtime~2-Menu.stories.js","namespace":"default","outputFilePath":"files/runtime~2-Menu.stories.js"},{"name":"runtime~2-Modal.stories.js","namespace":"default","outputFilePath":"files/runtime~2-Modal.stories.js"},{"name":"runtime~2-Pagination.stories.js","namespace":"default","outputFilePath":"files/runtime~2-Pagination.stories.js"},{"name":"runtime~2-ThemeProvider.stories.js","namespace":"default","outputFilePath":"files/runtime~2-ThemeProvider.stories.js"},{"name":"runtime~2-Tooltip.stories.js","namespace":"default","outputFilePath":"files/runtime~2-Tooltip.stories.js"},{"name":"runtime~3-Anchor.stories.js","namespace":"default","outputFilePath":"files/runtime~3-Anchor.stories.js"},{"name":"runtime~3-CodeBlock.stories.js","namespace":"default","outputFilePath":"files/runtime~3-CodeBlock.stories.js"},{"name":"runtime~3-ColorpickerDialog.stories.js","namespace":"default","outputFilePath":"files/runtime~3-ColorpickerDialog.stories.js"},{"name":"runtime~3-CursorPagination.stories.js","namespace":"default","outputFilePath":"files/runtime~3-CursorPagination.stories.js"},{"name":"runtime~3-DrawerModal.stories.js","namespace":"default","outputFilePath":"files/runtime~3-DrawerModal.stories.js"},{"name":"runtime~3-Inline.stories.js","namespace":"default","outputFilePath":"files/runtime~3-Inline.stories.js"},{"name":"runtime~3-LG.stories.js","namespace":"default","outputFilePath":"files/runtime~3-LG.stories.js"},{"name":"runtime~3-Notification.stories.js","namespace":"default","outputFilePath":"files/runtime~3-Notification.stories.js"},{"name":"runtime~3-Range.stories.js","namespace":"default","outputFilePath":"files/runtime~3-Range.stories.js"},{"name":"runtime~3-Select.stories.js","namespace":"default","outputFilePath":"files/runtime~3-Select.stories.js"},{"name":"runtime~3-Stepper.stories.js","namespace":"default","outputFilePath":"files/runtime~3-Stepper.stories.js"},{"name":"runtime~3-Textarea.stories.js","namespace":"default","outputFilePath":"files/runtime~3-Textarea.stories.js"},{"name":"runtime~4-Autocomplete.stories.js","namespace":"default","outputFilePath":"files/runtime~4-Autocomplete.stories.js"},{"name":"runtime~4-ButtonGroup.stories.js","namespace":"default","outputFilePath":"files/runtime~4-ButtonGroup.stories.js"},{"name":"runtime~4-Ellipsis.stories.js","namespace":"default","outputFilePath":"files/runtime~4-Ellipsis.stories.js"},{"name":"runtime~4-MediaInput.stories.js","namespace":"default","outputFilePath":"files/runtime~4-MediaInput.stories.js"},{"name":"runtime~4-Progress.stories.js","namespace":"default","outputFilePath":"files/runtime~4-Progress.stories.js"},{"name":"runtime~4-TooltipModal.stories.js","namespace":"default","outputFilePath":"files/runtime~4-TooltipModal.stories.js"},{"name":"runtime~4-Well.stories.js","namespace":"default","outputFilePath":"files/runtime~4-Well.stories.js"},{"name":"runtime~4-XL.stories.js","namespace":"default","outputFilePath":"files/runtime~4-XL.stories.js"},{"name":"runtime~5-ChevronButton.stories.js","namespace":"default","outputFilePath":"files/runtime~5-ChevronButton.stories.js"},{"name":"runtime~5-FauxInput.stories.js","namespace":"default","outputFilePath":"files/runtime~5-FauxInput.stories.js"},{"name":"runtime~5-Multiselect.stories.js","namespace":"default","outputFilePath":"files/runtime~5-Multiselect.stories.js"},{"name":"runtime~5-Paragraph.stories.js","namespace":"default","outputFilePath":"files/runtime~5-Paragraph.stories.js"},{"name":"runtime~5-Skeleton.stories.js","namespace":"default","outputFilePath":"files/runtime~5-Skeleton.stories.js"},{"name":"runtime~5-Toasts.stories.js","namespace":"default","outputFilePath":"files/runtime~5-Toasts.stories.js"},{"name":"runtime~5-XXL.stories.js","namespace":"default","outputFilePath":"files/runtime~5-XXL.stories.js"},{"name":"runtime~6-Combobox.stories.js","namespace":"default","outputFilePath":"files/runtime~6-Combobox.stories.js"},{"name":"runtime~6-IconButton.stories.js","namespace":"default","outputFilePath":"files/runtime~6-IconButton.stories.js"},{"name":"runtime~6-Select.stories.js","namespace":"default","outputFilePath":"files/runtime~6-Select.stories.js"},{"name":"runtime~6-Span.stories.js","namespace":"default","outputFilePath":"files/runtime~6-Span.stories.js"},{"name":"runtime~6-Spinner.stories.js","namespace":"default","outputFilePath":"files/runtime~6-Spinner.stories.js"},{"name":"runtime~6-XXXL.stories.js","namespace":"default","outputFilePath":"files/runtime~6-XXXL.stories.js"},{"name":"runtime~7-Checkbox.stories.js","namespace":"default","outputFilePath":"files/runtime~7-Checkbox.stories.js"},{"name":"runtime~7-SplitButton.stories.js","namespace":"default","outputFilePath":"files/runtime~7-SplitButton.stories.js"},{"name":"runtime~8-Radio.stories.js","namespace":"default","outputFilePath":"files/runtime~8-Radio.stories.js"},{"name":"runtime~8-ToggleButton.stories.js","namespace":"default","outputFilePath":"files/runtime~8-ToggleButton.stories.js"},{"name":"runtime~9-Toggle.stories.js","namespace":"default","outputFilePath":"files/runtime~9-Toggle.stories.js"},{"name":"runtime~9-ToggleIcon.stories.js","namespace":"default","outputFilePath":"files/runtime~9-ToggleIcon.stories.js"},{"name":"runtime~Tabs.stories.js","namespace":"default","outputFilePath":"files/runtime~Tabs.stories.js"},{"name":"vendors.js.LICENSE.txt","namespace":"default","outputFilePath":"files/vendors.js.LICENSE.txt"},{"name":"vendors.js.map","namespace":"default","outputFilePath":"files/vendors.js.map"},{"name":"iframe.html","namespace":"default","outputFilePath":"files/iframe.html"},{"name":"head.html","namespace":"default","outputFilePath":"files/head.html"}]