[{"title":"Components/Accordions/Accordion","fileName":"2-Accordion.stories","storyItems":[{"exportName":"Uncontrolled","storyName":"Uncontrolled"},{"exportName":"Controlled","storyName":"Controlled"}],"dependencies":[{"request":"../src","dependency":"packages/accordions/src/index.ts"},{"request":"./examples/Uncontrolled","dependency":"packages/accordions/stories/examples/Uncontrolled.tsx"},{"request":"./examples/Controlled","dependency":"packages/accordions/stories/examples/Controlled.tsx"}],"gitPath":"packages/accordions/stories/2-Accordion.stories.tsx","name":"2-Accordion.stories","namespace":"default","filePath":"packages/accordions/stories/2-Accordion.stories.tsx","files":["runtime~2-Accordion.stories.js","vendors.js","vendors.js.map","2-Accordion.stories~2-Default.stories.js","2-Accordion.stories.js"]},{"title":"Components/Accordions/Stepper","fileName":"3-Stepper.stories","storyItems":[{"exportName":"Default","storyName":"Default"}],"dependencies":[{"request":"react","dependency":"react"},{"request":"../src","dependency":"packages/accordions/src/index.ts"}],"gitPath":"packages/accordions/stories/3-Stepper.stories.tsx","name":"3-Stepper.stories","namespace":"default","filePath":"packages/accordions/stories/3-Stepper.stories.tsx","files":["runtime~3-Stepper.stories.js","vendors.js","vendors.js.map","3-Stepper.stories.js"]},{"title":"Components/Avatars","fileName":"2-Avatar.stories","storyItems":[{"exportName":"Default","storyName":"Default"},{"exportName":"ChromeUsage","storyName":"Chrome usage"},{"exportName":"MenuUsage","storyName":"Menu usage"}],"dependencies":[{"request":"../src","dependency":"packages/avatars/src/index.ts"},{"request":"./examples/Default","dependency":"packages/avatars/stories/examples/Default.tsx"},{"request":"./examples/ChromeUsage","dependency":"packages/avatars/stories/examples/ChromeUsage.tsx"},{"request":"./examples/MenuUsage","dependency":"packages/avatars/stories/examples/MenuUsage.tsx"}],"gitPath":"packages/avatars/stories/2-Avatar.stories.tsx","name":"2-Avatar.stories","namespace":"default","filePath":"packages/avatars/stories/2-Avatar.stories.tsx","files":["runtime~2-Avatar.stories.js","vendors.js","vendors.js.map","1-SM.stories~10-Range.stories~11-MultiThumbRange.stories~12-Tiles.stories~13-InputGroup.stories~13-O~6721d1b2.js","2-Avatar.stories.js"]},{"title":"Components/Breadcrumbs","fileName":"2-Breadcrumbs.stories","storyItems":[{"exportName":"Default","storyName":"Default"}],"dependencies":[{"request":"react","dependency":"react"},{"request":"../src","dependency":"packages/breadcrumbs/src/index.ts"},{"request":"../../buttons/src","dependency":"packages/buttons/src/index.ts"}],"gitPath":"packages/breadcrumbs/stories/2-Breadcrumbs.stories.tsx","name":"2-Breadcrumbs.stories","namespace":"default","filePath":"packages/breadcrumbs/stories/2-Breadcrumbs.stories.tsx","files":["runtime~2-Breadcrumbs.stories.js","vendors.js","vendors.js.map","2-Breadcrumbs.stories.js"]},{"title":"Components/Buttons/Button","fileName":"2-Button.stories","storyItems":[{"exportName":"Default","storyName":"Default"}],"dependencies":[{"request":"react","dependency":"react"},{"request":"../src","dependency":"packages/buttons/src/index.ts"},{"request":"../../grid/src","dependency":"packages/grid/src/index.ts"}],"gitPath":"packages/buttons/stories/2-Button.stories.tsx","name":"2-Button.stories","namespace":"default","filePath":"packages/buttons/stories/2-Button.stories.tsx","files":["runtime~2-Button.stories.js","vendors.js","vendors.js.map","1-SM.stories~10-Range.stories~11-MultiThumbRange.stories~12-Tiles.stories~13-InputGroup.stories~13-O~6721d1b2.js","2-Button.stories.js"]},{"title":"Components/Buttons/Anchor","fileName":"3-Anchor.stories","storyItems":[{"exportName":"Default","storyName":"Default"}],"dependencies":[{"request":"react","dependency":"react"},{"request":"../src","dependency":"packages/buttons/src/index.ts"},{"request":"../../grid/src","dependency":"packages/grid/src/index.ts"}],"gitPath":"packages/buttons/stories/3-Anchor.stories.tsx","name":"3-Anchor.stories","namespace":"default","filePath":"packages/buttons/stories/3-Anchor.stories.tsx","files":["runtime~3-Anchor.stories.js","vendors.js","vendors.js.map","1-SM.stories~10-Range.stories~11-MultiThumbRange.stories~12-Tiles.stories~13-InputGroup.stories~13-O~6721d1b2.js","3-Anchor.stories.js"]},{"title":"Components/Buttons/ButtonGroup","fileName":"4-ButtonGroup.stories","storyItems":[{"exportName":"Default","storyName":"Default"}],"dependencies":[{"request":"react","dependency":"react"},{"request":"../src","dependency":"packages/buttons/src/index.ts"},{"request":"../../grid/src","dependency":"packages/grid/src/index.ts"}],"gitPath":"packages/buttons/stories/4-ButtonGroup.stories.tsx","name":"4-ButtonGroup.stories","namespace":"default","filePath":"packages/buttons/stories/4-ButtonGroup.stories.tsx","files":["runtime~4-ButtonGroup.stories.js","vendors.js","vendors.js.map","1-SM.stories~10-Range.stories~11-MultiThumbRange.stories~12-Tiles.stories~13-InputGroup.stories~13-O~6721d1b2.js","4-ButtonGroup.stories.js"]},{"title":"Components/Buttons/ChevronButton","fileName":"5-ChevronButton.stories","storyItems":[{"exportName":"Default","storyName":"Default"}],"dependencies":[{"request":"react","dependency":"react"},{"request":"../src","dependency":"packages/buttons/src/index.ts"},{"request":"../../grid/src","dependency":"packages/grid/src/index.ts"}],"gitPath":"packages/buttons/stories/5-ChevronButton.stories.tsx","name":"5-ChevronButton.stories","namespace":"default","filePath":"packages/buttons/stories/5-ChevronButton.stories.tsx","files":["runtime~5-ChevronButton.stories.js","vendors.js","vendors.js.map","1-SM.stories~10-Range.stories~11-MultiThumbRange.stories~12-Tiles.stories~13-InputGroup.stories~13-O~6721d1b2.js","5-ChevronButton.stories.js"]},{"title":"Components/Buttons/IconButton","fileName":"6-IconButton.stories","storyItems":[{"exportName":"Default","storyName":"Default"}],"dependencies":[{"request":"react","dependency":"react"},{"request":"../src","dependency":"packages/buttons/src/index.ts"},{"request":"../../grid/src","dependency":"packages/grid/src/index.ts"}],"gitPath":"packages/buttons/stories/6-IconButton.stories.tsx","name":"6-IconButton.stories","namespace":"default","filePath":"packages/buttons/stories/6-IconButton.stories.tsx","files":["runtime~6-IconButton.stories.js","vendors.js","vendors.js.map","1-SM.stories~10-Range.stories~11-MultiThumbRange.stories~12-Tiles.stories~13-InputGroup.stories~13-O~6721d1b2.js","6-IconButton.stories.js"]},{"title":"Components/Buttons/SplitButton","fileName":"7-SplitButton.stories","storyItems":[{"exportName":"Default","storyName":"Default"}],"dependencies":[{"request":"react","dependency":"react"},{"request":"../src","dependency":"packages/buttons/src/index.ts"},{"request":"../../dropdowns/src","dependency":"packages/dropdowns/src/index.ts"},{"request":"../../grid/src","dependency":"packages/grid/src/index.ts"}],"gitPath":"packages/buttons/stories/7-SplitButton.stories.tsx","name":"7-SplitButton.stories","namespace":"default","filePath":"packages/buttons/stories/7-SplitButton.stories.tsx","files":["runtime~7-SplitButton.stories.js","vendors.js","vendors.js.map","1-SM.stories~10-Range.stories~11-MultiThumbRange.stories~12-Tiles.stories~13-InputGroup.stories~13-O~6721d1b2.js","7-SplitButton.stories.js"]},{"title":"Components/Buttons/ToggleButton","fileName":"8-ToggleButton.stories","storyItems":[{"exportName":"Default","storyName":"Default"}],"dependencies":[{"request":"react","dependency":"react"},{"request":"../src","dependency":"packages/buttons/src/index.ts"},{"request":"../../grid/src","dependency":"packages/grid/src/index.ts"}],"gitPath":"packages/buttons/stories/8-ToggleButton.stories.tsx","name":"8-ToggleButton.stories","namespace":"default","filePath":"packages/buttons/stories/8-ToggleButton.stories.tsx","files":["runtime~8-ToggleButton.stories.js","vendors.js","vendors.js.map","1-SM.stories~10-Range.stories~11-MultiThumbRange.stories~12-Tiles.stories~13-InputGroup.stories~13-O~6721d1b2.js","8-ToggleButton.stories.js"]},{"title":"Components/Buttons/ToggleIconButton","fileName":"9-ToggleIcon.stories","storyItems":[{"exportName":"Default","storyName":"Default"}],"dependencies":[{"request":"react","dependency":"react"},{"request":"../src","dependency":"packages/buttons/src/index.ts"},{"request":"../../grid/src","dependency":"packages/grid/src/index.ts"}],"gitPath":"packages/buttons/stories/9-ToggleIcon.stories.tsx","name":"9-ToggleIcon.stories","namespace":"default","filePath":"packages/buttons/stories/9-ToggleIcon.stories.tsx","files":["runtime~9-ToggleIcon.stories.js","vendors.js","vendors.js.map","1-SM.stories~10-Range.stories~11-MultiThumbRange.stories~12-Tiles.stories~13-InputGroup.stories~13-O~6721d1b2.js","9-ToggleIcon.stories.js"]},{"title":"Components/Chrome","fileName":"2-Chrome.stories","storyItems":[{"exportName":"Default","storyName":"Default"},{"exportName":"StandaloneHeader","storyName":"Standalone header"}],"dependencies":[{"request":"../src","dependency":"packages/chrome/src/index.ts"},{"request":"./examples/Default","dependency":"packages/chrome/stories/examples/Default.tsx"},{"request":"./examples/StandaloneHeader","dependency":"packages/chrome/stories/examples/StandaloneHeader.tsx"}],"gitPath":"packages/chrome/stories/2-Chrome.stories.tsx","name":"2-Chrome.stories","namespace":"default","filePath":"packages/chrome/stories/2-Chrome.stories.tsx","files":["runtime~2-Chrome.stories.js","vendors.js","vendors.js.map","2-Chrome.stories.js"]},{"title":"Components/Colorpickers/Colorpicker","fileName":"2-Colorpicker.stories","storyItems":[{"exportName":"Uncontrolled","storyName":"Uncontrolled"},{"exportName":"Controlled","storyName":"Controlled"}],"dependencies":[{"request":"../src","dependency":"packages/colorpickers/src/index.ts"},{"request":"./examples/Colorpicker/Uncontrolled","dependency":"packages/colorpickers/stories/examples/Colorpicker/Uncontrolled.tsx"},{"request":"./examples/Colorpicker/Controlled","dependency":"packages/colorpickers/stories/examples/Colorpicker/Controlled.tsx"}],"gitPath":"packages/colorpickers/stories/2-Colorpicker.stories.tsx","name":"2-Colorpicker.stories","namespace":"default","filePath":"packages/colorpickers/stories/2-Colorpicker.stories.tsx","files":["runtime~2-Colorpicker.stories.js","vendors.js","vendors.js.map","2-Colorpicker.stories.js"]},{"title":"Components/Colorpickers/ColorpickerDialog","fileName":"3-ColorpickerDialog.stories","storyItems":[{"exportName":"Uncontrolled","storyName":"Uncontrolled"},{"exportName":"Controlled","storyName":"Controlled"},{"exportName":"WithIconButton","storyName":"Custom trigger"},{"exportName":"WithFormInput","storyName":"Form input"}],"dependencies":[{"request":"../src","dependency":"packages/colorpickers/src/index.ts"},{"request":"./examples/ColorpickerDialog/Uncontrolled","dependency":"packages/colorpickers/stories/examples/ColorpickerDialog/Uncontrolled.tsx"},{"request":"./examples/ColorpickerDialog/Controlled","dependency":"packages/colorpickers/stories/examples/ColorpickerDialog/Controlled.tsx"},{"request":"./examples/ColorpickerDialog/WithIconButton","dependency":"packages/colorpickers/stories/examples/ColorpickerDialog/WithIconButton.tsx"},{"request":"./examples/ColorpickerDialog/WithFormInput","dependency":"packages/colorpickers/stories/examples/ColorpickerDialog/WithFormInput.tsx"}],"gitPath":"packages/colorpickers/stories/3-ColorpickerDialog.stories.tsx","name":"3-ColorpickerDialog.stories","namespace":"default","filePath":"packages/colorpickers/stories/3-ColorpickerDialog.stories.tsx","files":["runtime~3-ColorpickerDialog.stories.js","vendors.js","vendors.js.map","1-SM.stories~10-Range.stories~11-MultiThumbRange.stories~12-Tiles.stories~13-InputGroup.stories~13-O~6721d1b2.js","3-ColorpickerDialog.stories.js"]},{"title":"Components/Tables","fileName":"2-Default.stories","storyItems":[{"exportName":"Default","storyName":"Default"},{"exportName":"Sortable","storyName":"Sortable"},{"exportName":"Selectable","storyName":"Selectable"},{"exportName":"Draggable","storyName":"Draggable"},{"exportName":"Scrollable","storyName":"Scrollable"},{"exportName":"Paginated","storyName":"Paginated"},{"exportName":"OverflowMenu","storyName":"Overflow Menu"},{"exportName":"VirtualScrolling","storyName":"Virtual Scrolling"}],"dependencies":[],"gitPath":"packages/datepickers/stories/2-Default.stories.tsx","name":"2-Default.stories","namespace":"default","filePath":"packages/datepickers/stories/2-Default.stories.tsx","files":["runtime~2-Default.stories.js","vendors.js","vendors.js.map","2-Accordion.stories~2-Default.stories.js","2-Default.stories.js"]},{"title":"Components/Datepickers/DatepickerRange","fileName":"3-Range.stories","storyItems":[{"exportName":"Default","storyName":"Default"}],"dependencies":[{"request":"react","dependency":"react"},{"request":"../src","dependency":"packages/datepickers/src/index.ts"},{"request":"../../grid/src","dependency":"packages/grid/src/index.ts"},{"request":"../../forms/src","dependency":"packages/forms/src/index.ts"}],"gitPath":"packages/datepickers/stories/3-Range.stories.tsx","name":"3-Range.stories","namespace":"default","filePath":"packages/datepickers/stories/3-Range.stories.tsx","files":["runtime~3-Range.stories.js","vendors.js","vendors.js.map","1-SM.stories~10-Range.stories~11-MultiThumbRange.stories~12-Tiles.stories~13-InputGroup.stories~13-O~6721d1b2.js","3-Range.stories.js"]},{"title":"Components/Dropdowns/Menu","fileName":"2-Menu.stories","storyItems":[{"exportName":"Default","storyName":"Default"},{"exportName":"Icon","storyName":"Icon"},{"exportName":"Advanced","storyName":"Advanced"},{"exportName":"Tree","storyName":"Tree"}],"dependencies":[{"request":"../src","dependency":"packages/dropdowns/src/index.ts"},{"request":"./examples/Menu/Default","dependency":"packages/dropdowns/stories/examples/Menu/Default.tsx"},{"request":"./examples/Menu/Icon","dependency":"packages/dropdowns/stories/examples/Menu/Icon.tsx"},{"request":"./examples/Menu/Advanced","dependency":"packages/dropdowns/stories/examples/Menu/Advanced.tsx"},{"request":"./examples/Menu/Tree","dependency":"packages/dropdowns/stories/examples/Menu/Tree.tsx"}],"gitPath":"packages/dropdowns/stories/2-Menu.stories.tsx","name":"2-Menu.stories","namespace":"default","filePath":"packages/dropdowns/stories/2-Menu.stories.tsx","files":["runtime~2-Menu.stories.js","vendors.js","vendors.js.map","1-SM.stories~10-Range.stories~11-MultiThumbRange.stories~12-Tiles.stories~13-InputGroup.stories~13-O~6721d1b2.js","2-Menu.stories.js"]},{"title":"Components/Dropdowns/Select","fileName":"3-Select.stories","storyItems":[{"exportName":"Default","storyName":"Default"},{"exportName":"Advanced","storyName":"Advanced"}],"dependencies":[{"request":"../src","dependency":"packages/dropdowns/src/index.ts"},{"request":"./examples/Select/Default","dependency":"packages/dropdowns/stories/examples/Select/Default.tsx"},{"request":"./examples/Select/Advanced","dependency":"packages/dropdowns/stories/examples/Select/Advanced.tsx"}],"gitPath":"packages/dropdowns/stories/3-Select.stories.tsx","name":"3-Select.stories","namespace":"default","filePath":"packages/dropdowns/stories/3-Select.stories.tsx","files":["runtime~3-Select.stories.js","vendors.js","vendors.js.map","1-SM.stories~10-Range.stories~11-MultiThumbRange.stories~12-Tiles.stories~13-InputGroup.stories~13-O~6721d1b2.js","3-Select.stories.js"]},{"title":"Components/Dropdowns/Autocomplete","fileName":"4-Autocomplete.stories","storyItems":[{"exportName":"Default","storyName":"Default"}],"dependencies":[{"request":"../src","dependency":"packages/dropdowns/src/index.ts"},{"request":"./examples/Autocomplete/Default","dependency":"packages/dropdowns/stories/examples/Autocomplete/Default.tsx"}],"gitPath":"packages/dropdowns/stories/4-Autocomplete.stories.tsx","name":"4-Autocomplete.stories","namespace":"default","filePath":"packages/dropdowns/stories/4-Autocomplete.stories.tsx","files":["runtime~4-Autocomplete.stories.js","vendors.js","vendors.js.map","1-SM.stories~10-Range.stories~11-MultiThumbRange.stories~12-Tiles.stories~13-InputGroup.stories~13-O~6721d1b2.js","4-Autocomplete.stories.js"]},{"title":"Components/Dropdowns/Multiselect","fileName":"5-Multiselect.stories","storyItems":[{"exportName":"Default","storyName":"Default"}],"dependencies":[{"request":"../src","dependency":"packages/dropdowns/src/index.ts"},{"request":"./examples/Multiselect/Default","dependency":"packages/dropdowns/stories/examples/Multiselect/Default.tsx"}],"gitPath":"packages/dropdowns/stories/5-Multiselect.stories.tsx","name":"5-Multiselect.stories","namespace":"default","filePath":"packages/dropdowns/stories/5-Multiselect.stories.tsx","files":["runtime~5-Multiselect.stories.js","vendors.js","vendors.js.map","1-SM.stories~10-Range.stories~11-MultiThumbRange.stories~12-Tiles.stories~13-InputGroup.stories~13-O~6721d1b2.js","5-Multiselect.stories.js"]},{"title":"Components/Dropdowns/Combobox","fileName":"6-Combobox.stories","storyItems":[{"exportName":"Default","storyName":"Default"}],"dependencies":[{"request":"../src","dependency":"packages/dropdowns/src/index.ts"},{"request":"./examples/Combobox/Default","dependency":"packages/dropdowns/stories/examples/Combobox/Default.tsx"}],"gitPath":"packages/dropdowns/stories/6-Combobox.stories.tsx","name":"6-Combobox.stories","namespace":"default","filePath":"packages/dropdowns/stories/6-Combobox.stories.tsx","files":["runtime~6-Combobox.stories.js","vendors.js","vendors.js.map","1-SM.stories~10-Range.stories~11-MultiThumbRange.stories~12-Tiles.stories~13-InputGroup.stories~13-O~6721d1b2.js","6-Combobox.stories.js"]},{"title":"Components/Forms/Range","fileName":"10-Range.stories","storyItems":[{"exportName":"Default","storyName":"Default"}],"dependencies":[{"request":"react","dependency":"react"},{"request":"../../grid/src","dependency":"packages/grid/src/index.ts"},{"request":"../src","dependency":"packages/forms/src/index.ts"},{"request":"./story-types","dependency":"packages/forms/stories/story-types.ts"}],"gitPath":"packages/forms/stories/10-Range.stories.tsx","name":"10-Range.stories","namespace":"default","filePath":"packages/forms/stories/10-Range.stories.tsx","files":["runtime~10-Range.stories.js","vendors.js","vendors.js.map","1-SM.stories~10-Range.stories~11-MultiThumbRange.stories~12-Tiles.stories~13-InputGroup.stories~13-O~6721d1b2.js","10-Range.stories.js"]},{"title":"Components/Forms/MultiThumbRange","fileName":"11-MultiThumbRange.stories","storyItems":[{"exportName":"Default","storyName":"Default"}],"dependencies":[{"request":"react","dependency":"react"},{"request":"../../grid/src","dependency":"packages/grid/src/index.ts"},{"request":"../src","dependency":"packages/forms/src/index.ts"},{"request":"./story-types","dependency":"packages/forms/stories/story-types.ts"}],"gitPath":"packages/forms/stories/11-MultiThumbRange.stories.tsx","name":"11-MultiThumbRange.stories","namespace":"default","filePath":"packages/forms/stories/11-MultiThumbRange.stories.tsx","files":["runtime~11-MultiThumbRange.stories.js","vendors.js","vendors.js.map","1-SM.stories~10-Range.stories~11-MultiThumbRange.stories~12-Tiles.stories~13-InputGroup.stories~13-O~6721d1b2.js","11-MultiThumbRange.stories.js"]},{"title":"Components/Forms/Tiles","fileName":"12-Tiles.stories","storyItems":[{"exportName":"Default","storyName":"Default"}],"dependencies":[{"request":"react","dependency":"react"},{"request":"../../grid/src","dependency":"packages/grid/src/index.ts"},{"request":"../src","dependency":"packages/forms/src/index.ts"}],"gitPath":"packages/forms/stories/12-Tiles.stories.tsx","name":"12-Tiles.stories","namespace":"default","filePath":"packages/forms/stories/12-Tiles.stories.tsx","files":["runtime~12-Tiles.stories.js","vendors.js","vendors.js.map","1-SM.stories~10-Range.stories~11-MultiThumbRange.stories~12-Tiles.stories~13-InputGroup.stories~13-O~6721d1b2.js","12-Tiles.stories.js"]},{"title":"Components/Forms/InputGroup","fileName":"13-InputGroup.stories","storyItems":[{"exportName":"Default","storyName":"Default"}],"dependencies":[{"request":"react","dependency":"react"},{"request":"../../grid/src","dependency":"packages/grid/src/index.ts"},{"request":"../../buttons/src","dependency":"packages/buttons/src/index.ts"},{"request":"../src","dependency":"packages/forms/src/index.ts"}],"gitPath":"packages/forms/stories/13-InputGroup.stories.tsx","name":"13-InputGroup.stories","namespace":"default","filePath":"packages/forms/stories/13-InputGroup.stories.tsx","files":["runtime~13-InputGroup.stories.js","vendors.js","vendors.js.map","1-SM.stories~10-Range.stories~11-MultiThumbRange.stories~12-Tiles.stories~13-InputGroup.stories~13-O~6721d1b2.js","13-InputGroup.stories.js"]},{"title":"Components/Forms/FileUpload","fileName":"14-FileUpload.stories","storyItems":[{"exportName":"Default","storyName":"Default"}],"dependencies":[{"request":"react","dependency":"react"},{"request":"../../grid/src","dependency":"packages/grid/src/index.ts"},{"request":"../../typography/src","dependency":"packages/typography/src/index.ts"},{"request":"../../theming/src","dependency":"packages/theming/src/index.ts"},{"request":"../../buttons/src","dependency":"packages/buttons/src/index.ts"},{"request":"../../loaders/src","dependency":"packages/loaders/src/index.ts"},{"request":"../src","dependency":"packages/forms/src/index.ts"}],"gitPath":"packages/forms/stories/14-FileUpload.stories.tsx","name":"14-FileUpload.stories","namespace":"default","filePath":"packages/forms/stories/14-FileUpload.stories.tsx","files":["runtime~14-FileUpload.stories.js","vendors.js","vendors.js.map","1-SM.stories~10-Range.stories~11-MultiThumbRange.stories~12-Tiles.stories~13-InputGroup.stories~13-O~6721d1b2.js","14-FileUpload.stories.js"]},{"title":"Components/Forms/Fieldset","fileName":"15-Fieldset.stories","storyItems":[{"exportName":"RadioGroup","storyName":"Radio Group"},{"exportName":"CheckboxGroup","storyName":"Checkbox Group"},{"exportName":"ToggleGroup","storyName":"Toggle Group"}],"dependencies":[{"request":"react","dependency":"react"},{"request":"../../grid/src","dependency":"packages/grid/src/index.ts"},{"request":"../src","dependency":"packages/forms/src/index.ts"},{"request":"./story-types","dependency":"packages/forms/stories/story-types.ts"}],"gitPath":"packages/forms/stories/15-Fieldset.stories.tsx","name":"15-Fieldset.stories","namespace":"default","filePath":"packages/forms/stories/15-Fieldset.stories.tsx","files":["runtime~15-Fieldset.stories.js","vendors.js","vendors.js.map","1-SM.stories~10-Range.stories~11-MultiThumbRange.stories~12-Tiles.stories~13-InputGroup.stories~13-O~6721d1b2.js","15-Fieldset.stories.js"]},{"title":"Components/Forms/Input","fileName":"2-Input.stories","storyItems":[{"exportName":"Default","storyName":"Default"}],"dependencies":[{"request":"react","dependency":"react"},{"request":"../../grid/src","dependency":"packages/grid/src/index.ts"},{"request":"../src","dependency":"packages/forms/src/index.ts"},{"request":"./story-types","dependency":"packages/forms/stories/story-types.ts"}],"gitPath":"packages/forms/stories/2-Input.stories.tsx","name":"2-Input.stories","namespace":"default","filePath":"packages/forms/stories/2-Input.stories.tsx","files":["runtime~2-Input.stories.js","vendors.js","vendors.js.map","1-SM.stories~10-Range.stories~11-MultiThumbRange.stories~12-Tiles.stories~13-InputGroup.stories~13-O~6721d1b2.js","2-Input.stories.js"]},{"title":"Components/Forms/Textarea","fileName":"3-Textarea.stories","storyItems":[{"exportName":"Default","storyName":"Default"}],"dependencies":[{"request":"react","dependency":"react"},{"request":"../../grid/src","dependency":"packages/grid/src/index.ts"},{"request":"../src","dependency":"packages/forms/src/index.ts"},{"request":"./story-types","dependency":"packages/forms/stories/story-types.ts"}],"gitPath":"packages/forms/stories/3-Textarea.stories.tsx","name":"3-Textarea.stories","namespace":"default","filePath":"packages/forms/stories/3-Textarea.stories.tsx","files":["runtime~3-Textarea.stories.js","vendors.js","vendors.js.map","1-SM.stories~10-Range.stories~11-MultiThumbRange.stories~12-Tiles.stories~13-InputGroup.stories~13-O~6721d1b2.js","3-Textarea.stories.js"]},{"title":"Components/Forms/MediaInput","fileName":"4-MediaInput.stories","storyItems":[{"exportName":"Default","storyName":"Default"}],"dependencies":[{"request":"react","dependency":"react"},{"request":"../../grid/src","dependency":"packages/grid/src/index.ts"},{"request":"../src","dependency":"packages/forms/src/index.ts"},{"request":"./story-types","dependency":"packages/forms/stories/story-types.ts"}],"gitPath":"packages/forms/stories/4-MediaInput.stories.tsx","name":"4-MediaInput.stories","namespace":"default","filePath":"packages/forms/stories/4-MediaInput.stories.tsx","files":["runtime~4-MediaInput.stories.js","vendors.js","vendors.js.map","1-SM.stories~10-Range.stories~11-MultiThumbRange.stories~12-Tiles.stories~13-InputGroup.stories~13-O~6721d1b2.js","4-MediaInput.stories.js"]},{"title":"Components/Forms/FauxInput","fileName":"5-FauxInput.stories","storyItems":[{"exportName":"Default","storyName":"Default"}],"dependencies":[{"request":"react","dependency":"react"},{"request":"../../grid/src","dependency":"packages/grid/src/index.ts"},{"request":"../src","dependency":"packages/forms/src/index.ts"},{"request":"./story-types","dependency":"packages/forms/stories/story-types.ts"}],"gitPath":"packages/forms/stories/5-FauxInput.stories.tsx","name":"5-FauxInput.stories","namespace":"default","filePath":"packages/forms/stories/5-FauxInput.stories.tsx","files":["runtime~5-FauxInput.stories.js","vendors.js","vendors.js.map","1-SM.stories~10-Range.stories~11-MultiThumbRange.stories~12-Tiles.stories~13-InputGroup.stories~13-O~6721d1b2.js","5-FauxInput.stories.js"]},{"title":"Components/Forms/Select","fileName":"6-Select.stories","storyItems":[{"exportName":"Default","storyName":"Default"}],"dependencies":[{"request":"react","dependency":"react"},{"request":"../../grid/src","dependency":"packages/grid/src/index.ts"},{"request":"../src","dependency":"packages/forms/src/index.ts"},{"request":"./story-types","dependency":"packages/forms/stories/story-types.ts"}],"gitPath":"packages/forms/stories/6-Select.stories.tsx","name":"6-Select.stories","namespace":"default","filePath":"packages/forms/stories/6-Select.stories.tsx","files":["runtime~6-Select.stories.js","vendors.js","vendors.js.map","1-SM.stories~10-Range.stories~11-MultiThumbRange.stories~12-Tiles.stories~13-InputGroup.stories~13-O~6721d1b2.js","6-Select.stories.js"]},{"title":"Components/Forms/Checkbox","fileName":"7-Checkbox.stories","storyItems":[{"exportName":"Default","storyName":"Default"}],"dependencies":[{"request":"react","dependency":"react"},{"request":"../../grid/src","dependency":"packages/grid/src/index.ts"},{"request":"../src","dependency":"packages/forms/src/index.ts"},{"request":"./story-types","dependency":"packages/forms/stories/story-types.ts"}],"gitPath":"packages/forms/stories/7-Checkbox.stories.tsx","name":"7-Checkbox.stories","namespace":"default","filePath":"packages/forms/stories/7-Checkbox.stories.tsx","files":["runtime~7-Checkbox.stories.js","vendors.js","vendors.js.map","1-SM.stories~10-Range.stories~11-MultiThumbRange.stories~12-Tiles.stories~13-InputGroup.stories~13-O~6721d1b2.js","7-Checkbox.stories.js"]},{"title":"Components/Forms/Radio","fileName":"8-Radio.stories","storyItems":[{"exportName":"Default","storyName":"Default"}],"dependencies":[{"request":"react","dependency":"react"},{"request":"../../grid/src","dependency":"packages/grid/src/index.ts"},{"request":"../src","dependency":"packages/forms/src/index.ts"},{"request":"./story-types","dependency":"packages/forms/stories/story-types.ts"}],"gitPath":"packages/forms/stories/8-Radio.stories.tsx","name":"8-Radio.stories","namespace":"default","filePath":"packages/forms/stories/8-Radio.stories.tsx","files":["runtime~8-Radio.stories.js","vendors.js","vendors.js.map","1-SM.stories~10-Range.stories~11-MultiThumbRange.stories~12-Tiles.stories~13-InputGroup.stories~13-O~6721d1b2.js","8-Radio.stories.js"]},{"title":"Components/Forms/Toggle","fileName":"9-Toggle.stories","storyItems":[{"exportName":"Default","storyName":"Default"}],"dependencies":[{"request":"react","dependency":"react"},{"request":"../../grid/src","dependency":"packages/grid/src/index.ts"},{"request":"../src","dependency":"packages/forms/src/index.ts"},{"request":"./story-types","dependency":"packages/forms/stories/story-types.ts"}],"gitPath":"packages/forms/stories/9-Toggle.stories.tsx","name":"9-Toggle.stories","namespace":"default","filePath":"packages/forms/stories/9-Toggle.stories.tsx","files":["runtime~9-Toggle.stories.js","vendors.js","vendors.js.map","1-SM.stories~10-Range.stories~11-MultiThumbRange.stories~12-Tiles.stories~13-InputGroup.stories~13-O~6721d1b2.js","9-Toggle.stories.js"]},{"title":"Components/Grid","fileName":"2-Grid.stories","storyItems":[{"exportName":"Default","storyName":"Default"}],"dependencies":[{"request":"../src","dependency":"packages/grid/src/index.ts"},{"request":"./examples/Default","dependency":"packages/grid/stories/examples/Default.tsx"}],"gitPath":"packages/grid/stories/2-Grid.stories.tsx","name":"2-Grid.stories","namespace":"default","filePath":"packages/grid/stories/2-Grid.stories.tsx","files":["runtime~2-Grid.stories.js","vendors.js","vendors.js.map","1-SM.stories~10-Range.stories~11-MultiThumbRange.stories~12-Tiles.stories~13-InputGroup.stories~13-O~6721d1b2.js","2-Grid.stories.js"]},{"title":"Components/Loaders/Dots","fileName":"2-Dots.stories","storyItems":[{"exportName":"Default","storyName":"Default"}],"dependencies":[{"request":"react","dependency":"react"},{"request":"../../theming/src","dependency":"packages/theming/src/index.ts"},{"request":"../src","dependency":"packages/loaders/src/index.ts"},{"request":"../../grid/src","dependency":"packages/grid/src/index.ts"}],"gitPath":"packages/loaders/stories/2-Dots.stories.tsx","name":"2-Dots.stories","namespace":"default","filePath":"packages/loaders/stories/2-Dots.stories.tsx","files":["runtime~2-Dots.stories.js","vendors.js","vendors.js.map","1-SM.stories~10-Range.stories~11-MultiThumbRange.stories~12-Tiles.stories~13-InputGroup.stories~13-O~6721d1b2.js","2-Dots.stories.js"]},{"title":"Components/Loaders/Inline","fileName":"3-Inline.stories","storyItems":[{"exportName":"Default","storyName":"Default"}],"dependencies":[{"request":"react","dependency":"react"},{"request":"../src","dependency":"packages/loaders/src/index.ts"},{"request":"../../grid/src","dependency":"packages/grid/src/index.ts"}],"gitPath":"packages/loaders/stories/3-Inline.stories.tsx","name":"3-Inline.stories","namespace":"default","filePath":"packages/loaders/stories/3-Inline.stories.tsx","files":["runtime~3-Inline.stories.js","vendors.js","vendors.js.map","1-SM.stories~10-Range.stories~11-MultiThumbRange.stories~12-Tiles.stories~13-InputGroup.stories~13-O~6721d1b2.js","3-Inline.stories.js"]},{"title":"Components/Loaders/Progress","fileName":"4-Progress.stories","storyItems":[{"exportName":"Default","storyName":"Default"}],"dependencies":[{"request":"react","dependency":"react"},{"request":"../src","dependency":"packages/loaders/src/index.ts"}],"gitPath":"packages/loaders/stories/4-Progress.stories.tsx","name":"4-Progress.stories","namespace":"default","filePath":"packages/loaders/stories/4-Progress.stories.tsx","files":["runtime~4-Progress.stories.js","vendors.js","vendors.js.map","4-Progress.stories.js"]},{"title":"Components/Loaders/Skeleton","fileName":"5-Skeleton.stories","storyItems":[{"exportName":"Default","storyName":"Default"}],"dependencies":[{"request":"react","dependency":"react"},{"request":"../src","dependency":"packages/loaders/src/index.ts"},{"request":"../../typography/src","dependency":"packages/typography/src/index.ts"},{"request":"../../theming/src","dependency":"packages/theming/src/index.ts"}],"gitPath":"packages/loaders/stories/5-Skeleton.stories.tsx","name":"5-Skeleton.stories","namespace":"default","filePath":"packages/loaders/stories/5-Skeleton.stories.tsx","files":["runtime~5-Skeleton.stories.js","vendors.js","vendors.js.map","5-Skeleton.stories.js"]},{"title":"Components/Loaders/Spinner","fileName":"6-Spinner.stories","storyItems":[{"exportName":"Default","storyName":"Default"}],"dependencies":[{"request":"react","dependency":"react"},{"request":"../src","dependency":"packages/loaders/src/index.ts"},{"request":"../../theming/src","dependency":"packages/theming/src/index.ts"}],"gitPath":"packages/loaders/stories/6-Spinner.stories.tsx","name":"6-Spinner.stories","namespace":"default","filePath":"packages/loaders/stories/6-Spinner.stories.tsx","files":["runtime~6-Spinner.stories.js","vendors.js","vendors.js.map","6-Spinner.stories.js"]},{"title":"Components/Modals/Modal","fileName":"2-Modal.stories","storyItems":[{"exportName":"Default","storyName":"Default"}],"dependencies":[{"request":"react","dependency":"react"},{"request":"../../buttons/src","dependency":"packages/buttons/src/index.ts"},{"request":"../../typography/src","dependency":"packages/typography/src/index.ts"},{"request":"../src","dependency":"packages/modals/src/index.ts"},{"request":"../../grid/src","dependency":"packages/grid/src/index.ts"}],"gitPath":"packages/modals/stories/2-Modal.stories.tsx","name":"2-Modal.stories","namespace":"default","filePath":"packages/modals/stories/2-Modal.stories.tsx","files":["runtime~2-Modal.stories.js","vendors.js","vendors.js.map","1-SM.stories~10-Range.stories~11-MultiThumbRange.stories~12-Tiles.stories~13-InputGroup.stories~13-O~6721d1b2.js","2-Modal.stories.js"]},{"title":"Components/Modals/DrawerModal","fileName":"3-DrawerModal.stories","storyItems":[{"exportName":"Default","storyName":"Default"}],"dependencies":[{"request":"react","dependency":"react"},{"request":"../../buttons/src","dependency":"packages/buttons/src/index.ts"},{"request":"../src","dependency":"packages/modals/src/index.ts"},{"request":"../../grid/src","dependency":"packages/grid/src/index.ts"}],"gitPath":"packages/modals/stories/3-DrawerModal.stories.tsx","name":"3-DrawerModal.stories","namespace":"default","filePath":"packages/modals/stories/3-DrawerModal.stories.tsx","files":["runtime~3-DrawerModal.stories.js","vendors.js","vendors.js.map","1-SM.stories~10-Range.stories~11-MultiThumbRange.stories~12-Tiles.stories~13-InputGroup.stories~13-O~6721d1b2.js","3-DrawerModal.stories.js"]},{"title":"Components/Modals/TooltipModal","fileName":"4-TooltipModal.stories","storyItems":[{"exportName":"Default","storyName":"Default"}],"dependencies":[{"request":"react","dependency":"react"},{"request":"../../theming/src","dependency":"packages/theming/src/index.ts"},{"request":"../../buttons/src","dependency":"packages/buttons/src/index.ts"},{"request":"../src","dependency":"packages/modals/src/index.ts"},{"request":"../../grid/src","dependency":"packages/grid/src/index.ts"}],"gitPath":"packages/modals/stories/4-TooltipModal.stories.tsx","name":"4-TooltipModal.stories","namespace":"default","filePath":"packages/modals/stories/4-TooltipModal.stories.tsx","files":["runtime~4-TooltipModal.stories.js","vendors.js","vendors.js.map","1-SM.stories~10-Range.stories~11-MultiThumbRange.stories~12-Tiles.stories~13-InputGroup.stories~13-O~6721d1b2.js","4-TooltipModal.stories.js"]},{"title":"Components/Notifications/Alert","fileName":"2-Alert.stories","storyItems":[{"exportName":"Default","storyName":"Default"}],"dependencies":[{"request":"react","dependency":"react"},{"request":"../src","dependency":"packages/notifications/src/index.ts"},{"request":"../../grid/src","dependency":"packages/grid/src/index.ts"}],"gitPath":"packages/notifications/stories/2-Alert.stories.tsx","name":"2-Alert.stories","namespace":"default","filePath":"packages/notifications/stories/2-Alert.stories.tsx","files":["runtime~2-Alert.stories.js","vendors.js","vendors.js.map","1-SM.stories~10-Range.stories~11-MultiThumbRange.stories~12-Tiles.stories~13-InputGroup.stories~13-O~6721d1b2.js","2-Alert.stories.js"]},{"title":"Components/Notifications/Notification","fileName":"3-Notification.stories","storyItems":[{"exportName":"Default","storyName":"Default"}],"dependencies":[{"request":"react","dependency":"react"},{"request":"../src","dependency":"packages/notifications/src/index.ts"},{"request":"../../grid/src","dependency":"packages/grid/src/index.ts"}],"gitPath":"packages/notifications/stories/3-Notification.stories.tsx","name":"3-Notification.stories","namespace":"default","filePath":"packages/notifications/stories/3-Notification.stories.tsx","files":["runtime~3-Notification.stories.js","vendors.js","vendors.js.map","1-SM.stories~10-Range.stories~11-MultiThumbRange.stories~12-Tiles.stories~13-InputGroup.stories~13-O~6721d1b2.js","3-Notification.stories.js"]},{"title":"Components/Notifications/Well","fileName":"4-Well.stories","storyItems":[{"exportName":"Default","storyName":"Default"}],"dependencies":[{"request":"react","dependency":"react"},{"request":"../src","dependency":"packages/notifications/src/index.ts"},{"request":"../../grid/src","dependency":"packages/grid/src/index.ts"}],"gitPath":"packages/notifications/stories/4-Well.stories.tsx","name":"4-Well.stories","namespace":"default","filePath":"packages/notifications/stories/4-Well.stories.tsx","files":["runtime~4-Well.stories.js","vendors.js","vendors.js.map","1-SM.stories~10-Range.stories~11-MultiThumbRange.stories~12-Tiles.stories~13-InputGroup.stories~13-O~6721d1b2.js","4-Well.stories.js"]},{"title":"Components/Notifications/Toasts","fileName":"5-Toasts.stories","storyItems":[{"exportName":"Default","storyName":"Default"}],"dependencies":[{"request":"react","dependency":"react"},{"request":"../../buttons/src","dependency":"packages/buttons/src/index.ts"},{"request":"../src","dependency":"packages/notifications/src/index.ts"},{"request":"../../grid/src","dependency":"packages/grid/src/index.ts"},{"request":"../../dropdowns/src","dependency":"packages/dropdowns/src/index.ts"}],"gitPath":"packages/notifications/stories/5-Toasts.stories.tsx","name":"5-Toasts.stories","namespace":"default","filePath":"packages/notifications/stories/5-Toasts.stories.tsx","files":["runtime~5-Toasts.stories.js","vendors.js","vendors.js.map","1-SM.stories~10-Range.stories~11-MultiThumbRange.stories~12-Tiles.stories~13-InputGroup.stories~13-O~6721d1b2.js","5-Toasts.stories.js"]},{"title":"Components/Pagination/Pagination","fileName":"2-Pagination.stories","storyItems":[{"exportName":"Default","storyName":"Default"}],"dependencies":[{"request":"react","dependency":"react"},{"request":"../src","dependency":"packages/pagination/src/index.ts"},{"request":"../../grid/src","dependency":"packages/grid/src/index.ts"}],"gitPath":"packages/pagination/stories/2-Pagination.stories.tsx","name":"2-Pagination.stories","namespace":"default","filePath":"packages/pagination/stories/2-Pagination.stories.tsx","files":["runtime~2-Pagination.stories.js","vendors.js","vendors.js.map","1-SM.stories~10-Range.stories~11-MultiThumbRange.stories~12-Tiles.stories~13-InputGroup.stories~13-O~6721d1b2.js","2-Pagination.stories.js"]},{"title":"Components/Pagination/CursorPagination","fileName":"3-CursorPagination.stories","storyItems":[{"exportName":"Default","storyName":"Default"}],"dependencies":[{"request":"react","dependency":"react"},{"request":"../src","dependency":"packages/pagination/src/index.ts"},{"request":"../../grid/src","dependency":"packages/grid/src/index.ts"}],"gitPath":"packages/pagination/stories/3-CursorPagination.stories.tsx","name":"3-CursorPagination.stories","namespace":"default","filePath":"packages/pagination/stories/3-CursorPagination.stories.tsx","files":["runtime~3-CursorPagination.stories.js","vendors.js","vendors.js.map","1-SM.stories~10-Range.stories~11-MultiThumbRange.stories~12-Tiles.stories~13-InputGroup.stories~13-O~6721d1b2.js","3-CursorPagination.stories.js"]},{"title":"Components/Tables","fileName":"2-Default.stories","storyItems":[{"exportName":"Default","storyName":"Default"},{"exportName":"Sortable","storyName":"Sortable"},{"exportName":"Selectable","storyName":"Selectable"},{"exportName":"Draggable","storyName":"Draggable"},{"exportName":"Scrollable","storyName":"Scrollable"},{"exportName":"Paginated","storyName":"Paginated"},{"exportName":"OverflowMenu","storyName":"Overflow Menu"},{"exportName":"VirtualScrolling","storyName":"Virtual Scrolling"}],"dependencies":[{"request":"../src","dependency":"packages/tables/src/index.ts"},{"request":"./examples/Default","dependency":"packages/tables/stories/examples/Default.tsx"},{"request":"./examples/Sortable","dependency":"packages/tables/stories/examples/Sortable.tsx"},{"request":"./examples/Selectable","dependency":"packages/tables/stories/examples/Selectable.tsx"},{"request":"./examples/Draggable","dependency":"packages/tables/stories/examples/Draggable.tsx"},{"request":"./examples/Scrollable","dependency":"packages/tables/stories/examples/Scrollable.tsx"},{"request":"./examples/Paginated","dependency":"packages/tables/stories/examples/Paginated.tsx"},{"request":"./examples/OverflowMenu","dependency":"packages/tables/stories/examples/OverflowMenu.tsx"},{"request":"./examples/VirtualScrolling","dependency":"packages/tables/stories/examples/VirtualScrolling.tsx"}],"gitPath":"packages/tables/stories/2-Default.stories.tsx","name":"2-Default.stories","namespace":"default","filePath":"packages/tables/stories/2-Default.stories.tsx","files":["runtime~2-Default.stories.js","vendors.js","vendors.js.map","2-Accordion.stories~2-Default.stories.js","2-Default.stories.js"]},{"title":"Components/Tabs","fileName":"Tabs.stories","storyItems":[{"exportName":"Default","storyName":"Default"}],"dependencies":[{"request":"react","dependency":"react"},{"request":"../src","dependency":"packages/tabs/src/index.ts"}],"gitPath":"packages/tabs/stories/Tabs.stories.tsx","name":"Tabs.stories","namespace":"default","filePath":"packages/tabs/stories/Tabs.stories.tsx","files":["runtime~Tabs.stories.js","vendors.js","vendors.js.map","Tabs.stories.js"]},{"title":"Components/Tags","fileName":"2-Examples.stories","storyItems":[{"exportName":"Default","storyName":"Default"},{"exportName":"Truncation","storyName":"Truncation"},{"exportName":"CustomHue","storyName":"Custom Hue"},{"exportName":"FontWeight","storyName":"Font Weight"}],"dependencies":[{"request":"../src","dependency":"packages/tags/src/index.ts"},{"request":"./examples/Default","dependency":"packages/tags/stories/examples/Default.tsx"},{"request":"./examples/Truncation","dependency":"packages/tags/stories/examples/Truncation.tsx"},{"request":"./examples/CustomHue","dependency":"packages/tags/stories/examples/CustomHue.tsx"},{"request":"./examples/FontWeight","dependency":"packages/tags/stories/examples/FontWeight.tsx"}],"gitPath":"packages/tags/stories/2-Examples.stories.tsx","name":"2-Examples.stories","namespace":"default","filePath":"packages/tags/stories/2-Examples.stories.tsx","files":["runtime~2-Examples.stories.js","vendors.js","vendors.js.map","1-SM.stories~10-Range.stories~11-MultiThumbRange.stories~12-Tiles.stories~13-InputGroup.stories~13-O~6721d1b2.js","2-Examples.stories.js"]},{"title":"Components/Theming/Elements/ThemeProvider","fileName":"2-ThemeProvider.stories","storyItems":[{"exportName":"Default","storyName":"Default"}],"dependencies":[{"request":"react","dependency":"react"},{"request":"../src","dependency":"packages/theming/src/index.ts"}],"gitPath":"packages/theming/stories/2-ThemeProvider.stories.tsx","name":"2-ThemeProvider.stories","namespace":"default","filePath":"packages/theming/stories/2-ThemeProvider.stories.tsx","files":["runtime~2-ThemeProvider.stories.js","vendors.js","vendors.js.map","2-ThemeProvider.stories.js"]},{"title":"Components/Tooltips","fileName":"2-Tooltip.stories","storyItems":[{"exportName":"Default","storyName":"Default"}],"dependencies":[{"request":"react","dependency":"react"},{"request":"../src","dependency":"packages/tooltips/src/index.ts"},{"request":"../../grid/src","dependency":"packages/grid/src/index.ts"},{"request":"../../buttons/src","dependency":"packages/buttons/src/index.ts"},{"request":"../../notifications/src","dependency":"packages/notifications/src/index.ts"}],"gitPath":"packages/tooltips/stories/2-Tooltip.stories.tsx","name":"2-Tooltip.stories","namespace":"default","filePath":"packages/tooltips/stories/2-Tooltip.stories.tsx","files":["runtime~2-Tooltip.stories.js","vendors.js","vendors.js.map","1-SM.stories~10-Range.stories~11-MultiThumbRange.stories~12-Tiles.stories~13-InputGroup.stories~13-O~6721d1b2.js","2-Tooltip.stories.js"]},{"title":"Components/Typography/OrderedList","fileName":"13-OrderedList.stories","storyItems":[{"exportName":"Default","storyName":"Default"}],"dependencies":[{"request":"react","dependency":"react"},{"request":"../src","dependency":"packages/typography/src/index.ts"},{"request":"../../grid/src","dependency":"packages/grid/src/index.ts"}],"gitPath":"packages/typography/stories/13-OrderedList.stories.tsx","name":"13-OrderedList.stories","namespace":"default","filePath":"packages/typography/stories/13-OrderedList.stories.tsx","files":["runtime~13-OrderedList.stories.js","vendors.js","vendors.js.map","1-SM.stories~10-Range.stories~11-MultiThumbRange.stories~12-Tiles.stories~13-InputGroup.stories~13-O~6721d1b2.js","13-OrderedList.stories.js"]},{"title":"Components/Typography/UnorderedList","fileName":"14-UnorderedList.stories","storyItems":[{"exportName":"Default","storyName":"Default"}],"dependencies":[{"request":"react","dependency":"react"},{"request":"../src","dependency":"packages/typography/src/index.ts"},{"request":"../../grid/src","dependency":"packages/grid/src/index.ts"}],"gitPath":"packages/typography/stories/14-UnorderedList.stories.tsx","name":"14-UnorderedList.stories","namespace":"default","filePath":"packages/typography/stories/14-UnorderedList.stories.tsx","files":["runtime~14-UnorderedList.stories.js","vendors.js","vendors.js.map","1-SM.stories~10-Range.stories~11-MultiThumbRange.stories~12-Tiles.stories~13-InputGroup.stories~13-O~6721d1b2.js","14-UnorderedList.stories.js"]},{"title":"Components/Typography/Blockquote","fileName":"2-Blockquote.stories","storyItems":[{"exportName":"Default","storyName":"Default"}],"dependencies":[{"request":"react","dependency":"react"},{"request":"../src","dependency":"packages/typography/src/index.ts"},{"request":"../../grid/src","dependency":"packages/grid/src/index.ts"}],"gitPath":"packages/typography/stories/2-Blockquote.stories.tsx","name":"2-Blockquote.stories","namespace":"default","filePath":"packages/typography/stories/2-Blockquote.stories.tsx","files":["runtime~2-Blockquote.stories.js","vendors.js","vendors.js.map","1-SM.stories~10-Range.stories~11-MultiThumbRange.stories~12-Tiles.stories~13-InputGroup.stories~13-O~6721d1b2.js","2-Blockquote.stories.js"]},{"title":"Components/Typography/Code","fileName":"2-Code.stories","storyItems":[{"exportName":"Default","storyName":"Default"}],"dependencies":[{"request":"react","dependency":"react"},{"request":"../src","dependency":"packages/typography/src/index.ts"},{"request":"../../grid/src","dependency":"packages/grid/src/index.ts"},{"request":"../../buttons/src","dependency":"packages/buttons/src/index.ts"}],"gitPath":"packages/typography/stories/2-Code.stories.tsx","name":"2-Code.stories","namespace":"default","filePath":"packages/typography/stories/2-Code.stories.tsx","files":["runtime~2-Code.stories.js","vendors.js","vendors.js.map","1-SM.stories~10-Range.stories~11-MultiThumbRange.stories~12-Tiles.stories~13-InputGroup.stories~13-O~6721d1b2.js","2-Code.stories.js"]},{"title":"Components/Typography/CodeBlock","fileName":"3-CodeBlock.stories","storyItems":[{"exportName":"Default","storyName":"Default"}],"dependencies":[{"request":"react","dependency":"react"},{"request":"../src","dependency":"packages/typography/src/index.ts"},{"request":"../../grid/src","dependency":"packages/grid/src/index.ts"}],"gitPath":"packages/typography/stories/3-CodeBlock.stories.tsx","name":"3-CodeBlock.stories","namespace":"default","filePath":"packages/typography/stories/3-CodeBlock.stories.tsx","files":["runtime~3-CodeBlock.stories.js","vendors.js","vendors.js.map","1-SM.stories~10-Range.stories~11-MultiThumbRange.stories~12-Tiles.stories~13-InputGroup.stories~13-O~6721d1b2.js","3-CodeBlock.stories.js"]},{"title":"Components/Typography/Ellipsis","fileName":"4-Ellipsis.stories","storyItems":[{"exportName":"Default","storyName":"Default"}],"dependencies":[{"request":"react","dependency":"react"},{"request":"../src","dependency":"packages/typography/src/index.ts"},{"request":"../../grid/src","dependency":"packages/grid/src/index.ts"}],"gitPath":"packages/typography/stories/4-Ellipsis.stories.tsx","name":"4-Ellipsis.stories","namespace":"default","filePath":"packages/typography/stories/4-Ellipsis.stories.tsx","files":["runtime~4-Ellipsis.stories.js","vendors.js","vendors.js.map","1-SM.stories~10-Range.stories~11-MultiThumbRange.stories~12-Tiles.stories~13-InputGroup.stories~13-O~6721d1b2.js","4-Ellipsis.stories.js"]},{"title":"Components/Typography/Paragraph","fileName":"5-Paragraph.stories","storyItems":[{"exportName":"Default","storyName":"Default"}],"dependencies":[{"request":"react","dependency":"react"},{"request":"../src","dependency":"packages/typography/src/index.ts"},{"request":"../../grid/src","dependency":"packages/grid/src/index.ts"}],"gitPath":"packages/typography/stories/5-Paragraph.stories.tsx","name":"5-Paragraph.stories","namespace":"default","filePath":"packages/typography/stories/5-Paragraph.stories.tsx","files":["runtime~5-Paragraph.stories.js","vendors.js","vendors.js.map","1-SM.stories~10-Range.stories~11-MultiThumbRange.stories~12-Tiles.stories~13-InputGroup.stories~13-O~6721d1b2.js","5-Paragraph.stories.js"]},{"title":"Components/Typography/Span","fileName":"6-Span.stories","storyItems":[{"exportName":"Default","storyName":"Default"}],"dependencies":[{"request":"react","dependency":"react"},{"request":"../src","dependency":"packages/typography/src/index.ts"},{"request":"../../grid/src","dependency":"packages/grid/src/index.ts"}],"gitPath":"packages/typography/stories/6-Span.stories.tsx","name":"6-Span.stories","namespace":"default","filePath":"packages/typography/stories/6-Span.stories.tsx","files":["runtime~6-Span.stories.js","vendors.js","vendors.js.map","1-SM.stories~10-Range.stories~11-MultiThumbRange.stories~12-Tiles.stories~13-InputGroup.stories~13-O~6721d1b2.js","6-Span.stories.js"]},{"title":"Components/Typography/SM","fileName":"1-SM.stories","storyItems":[{"exportName":"Default","storyName":"Default"}],"dependencies":[{"request":"react","dependency":"react"},{"request":"../../src","dependency":"packages/typography/src/index.ts"},{"request":"../../../grid/src","dependency":"packages/grid/src/index.ts"}],"gitPath":"packages/typography/stories/typograpghy/1-SM.stories.tsx","name":"1-SM.stories","namespace":"default","filePath":"packages/typography/stories/typograpghy/1-SM.stories.tsx","files":["runtime~1-SM.stories.js","vendors.js","vendors.js.map","1-SM.stories~10-Range.stories~11-MultiThumbRange.stories~12-Tiles.stories~13-InputGroup.stories~13-O~6721d1b2.js","1-SM.stories.js"]},{"title":"Components/Typography/MD","fileName":"2-MD.stories","storyItems":[{"exportName":"Default","storyName":"Default"}],"dependencies":[{"request":"react","dependency":"react"},{"request":"../../src","dependency":"packages/typography/src/index.ts"},{"request":"../../../grid/src","dependency":"packages/grid/src/index.ts"}],"gitPath":"packages/typography/stories/typograpghy/2-MD.stories.tsx","name":"2-MD.stories","namespace":"default","filePath":"packages/typography/stories/typograpghy/2-MD.stories.tsx","files":["runtime~2-MD.stories.js","vendors.js","vendors.js.map","1-SM.stories~10-Range.stories~11-MultiThumbRange.stories~12-Tiles.stories~13-InputGroup.stories~13-O~6721d1b2.js","2-MD.stories.js"]},{"title":"Components/Typography/LG","fileName":"3-LG.stories","storyItems":[{"exportName":"Default","storyName":"Default"}],"dependencies":[{"request":"react","dependency":"react"},{"request":"../../src","dependency":"packages/typography/src/index.ts"},{"request":"../../../grid/src","dependency":"packages/grid/src/index.ts"}],"gitPath":"packages/typography/stories/typograpghy/3-LG.stories.tsx","name":"3-LG.stories","namespace":"default","filePath":"packages/typography/stories/typograpghy/3-LG.stories.tsx","files":["runtime~3-LG.stories.js","vendors.js","vendors.js.map","1-SM.stories~10-Range.stories~11-MultiThumbRange.stories~12-Tiles.stories~13-InputGroup.stories~13-O~6721d1b2.js","3-LG.stories.js"]},{"title":"Components/Typography/XL","fileName":"4-XL.stories","storyItems":[{"exportName":"Default","storyName":"Default"}],"dependencies":[{"request":"react","dependency":"react"},{"request":"../../src","dependency":"packages/typography/src/index.ts"},{"request":"../../../grid/src","dependency":"packages/grid/src/index.ts"}],"gitPath":"packages/typography/stories/typograpghy/4-XL.stories.tsx","name":"4-XL.stories","namespace":"default","filePath":"packages/typography/stories/typograpghy/4-XL.stories.tsx","files":["runtime~4-XL.stories.js","vendors.js","vendors.js.map","1-SM.stories~10-Range.stories~11-MultiThumbRange.stories~12-Tiles.stories~13-InputGroup.stories~13-O~6721d1b2.js","4-XL.stories.js"]},{"title":"Components/Typography/XXL","fileName":"5-XXL.stories","storyItems":[{"exportName":"Default","storyName":"Default"}],"dependencies":[{"request":"react","dependency":"react"},{"request":"../../src","dependency":"packages/typography/src/index.ts"},{"request":"../../../grid/src","dependency":"packages/grid/src/index.ts"}],"gitPath":"packages/typography/stories/typograpghy/5-XXL.stories.tsx","name":"5-XXL.stories","namespace":"default","filePath":"packages/typography/stories/typograpghy/5-XXL.stories.tsx","files":["runtime~5-XXL.stories.js","vendors.js","vendors.js.map","1-SM.stories~10-Range.stories~11-MultiThumbRange.stories~12-Tiles.stories~13-InputGroup.stories~13-O~6721d1b2.js","5-XXL.stories.js"]},{"title":"Components/Typography/XXXL","fileName":"6-XXXL.stories","storyItems":[{"exportName":"Default","storyName":"Default"}],"dependencies":[{"request":"react","dependency":"react"},{"request":"../../src","dependency":"packages/typography/src/index.ts"},{"request":"../../../grid/src","dependency":"packages/grid/src/index.ts"}],"gitPath":"packages/typography/stories/typograpghy/6-XXXL.stories.tsx","name":"6-XXXL.stories","namespace":"default","filePath":"packages/typography/stories/typograpghy/6-XXXL.stories.tsx","files":["runtime~6-XXXL.stories.js","vendors.js","vendors.js.map","1-SM.stories~10-Range.stories~11-MultiThumbRange.stories~12-Tiles.stories~13-InputGroup.stories~13-O~6721d1b2.js","6-XXXL.stories.js"]}]